{"gain":[[0.18479999999999983,0],[0,0.2195],[-0.18479999999999983,0.2195]],"width":[[506,496],[506,496],[506,496]],"attenuation":[[4,4],[4,4],[4,4]],"divergence":[[0,0],[0,0],[0,0]],"timeConstant":[[1,1],[1,1],[1,1]],"timeDelay":[[0,0],[0,0],[0,0]],"respShape":[[1,1],[1,1],[1,1]],"actPaddingMode":[[3,3],[3,3],[3,3]]}