{"gain":[-0.0133477962,-0.0133477962,-0.0133477962,-0.0133477962,-0.0133477962,-0.0133477962,-0.0133477962,-0.0133477962,-0.0133477962,-0.0133477962,-0.0133477962,-0.0133477962,-0.0133477962,-0.0133477962,-0.0133477962,-0.0133477962,-0.0133477962,-0.0133477962,-0.0133477962,-0.0133477962,-0.0133477962,-0.0133477962,-0.0133477962,-0.0133477962,-0.0133477962,-0.0133477962,-0.0133477962,-0.0133477962,-0.0133477962,-0.0133477962,-0.0133477962,-0.0133477962,-0.0133477962,-0.0133477962,-0.0133477962,-0.0133477962,-0.0133477962,-0.0133477962,-0.0133477962,-0.0133477962,-0.0133477962,-0.0133477962,-0.0133477962,-0.0133477962,-0.0133477962,-0.0133477962,-0.0133477962,-0.0133477962,-0.0133477962,-0.0133477962,-0.0133477962,-0.0133477962,-0.0133477962,-0.0133477962,-0.0133477962,-0.0133477962,-0.0133477962,-0.0133477962,-0.0133477962,-0.0133477962,-0.0133477962,-0.0133477962,-0.0133477962,-0.0133477962,-0.0133477962,-0.0133477962,-0.0133477962,-0.0133477962,-0.0133477962,-0.0133477962,-0.0133477962,-0.0133477962,-0.0133477962,-0.0133477962,-0.0133477962,-0.0133477962,-0.0133477962,-0.0133477962,-0.0133477962,-0.0133477962,-0.0133477962,-0.0133477962,-0.0133477962,-0.0133477962,-0.0133477962,-0.0133477962,-0.0133477962,-0.0133477962,-0.0133477962,-0.0133477962,-0.0133477962,-0.0133477962,-0.0133477962,-0.0133477962,-0.0133477962,-0.0133477962,-0.0133477962,-0.0133477962,-0.0133477962,-0.0133477962,-0.0133477962,-0.0133477962,-0.0133477962,-0.0133477962,-0.0133477962],"width":[0.207374481,0.207374481,0.207374481,0.207374481,0.207374481,0.207374481,0.207374481,0.207374481,0.207374481,0.207374481,0.207374481,0.207374481,0.207374481,0.207374481,0.207374481,0.207374481,0.207374481,0.207374481,0.207374481,0.207374481,0.207374481,0.207374481,0.207374481,0.207374481,0.207374481,0.207374481,0.207374481,0.207374481,0.207374481,0.207374481,0.207374481,0.207374481,0.207374481,0.207374481,0.207374481,0.207374481,0.207374481,0.207374481,0.207374481,0.207374481,0.207374481,0.207374481,0.207374481,0.207374481,0.207374481,0.207374481,0.207374481,0.207374481,0.207374481,0.207374481,0.207374481,0.207374481,0.207374481,0.207374481,0.207374481,0.207374481,0.207374481,0.207374481,0.207374481,0.207374481,0.207374481,0.207374481,0.207374481,0.207374481,0.207374481,0.207374481,0.207374481,0.207374481,0.207374481,0.207374481,0.207374481,0.207374481,0.207374481,0.207374481,0.207374481,0.207374481,0.207374481,0.207374481,0.207374481,0.207374481,0.207374481,0.207374481,0.207374481,0.207374481,0.207374481,0.207374481,0.207374481,0.207374481,0.207374481,0.207374481,0.207374481,0.207374481,0.207374481,0.207374481,0.207374481,0.207374481,0.207374481,0.207374481,0.207374481,0.207374481,0.207374481,0.207374481,0.207374481,0.207374481,0.207374481],"attenuation":[7,7,7,7,7,7,7,7,7,7,7,7,7,7,7,7,7,7,7,7,7,7,7,7,7,7,7,7,7,7,7,7,7,7,7,7,7,7,7,7,7,7,7,7,7,7,7,7,7,7,7,7,7,7,7,7,7,7,7,7,7,7,7,7,7,7,7,7,7,7,7,7,7,7,7,7,7,7,7,7,7,7,7,7,7,7,7,7,7,7,7,7,7,7,7,7,7,7,7,7,7,7,7,7,7],"divergence":[0.15,0.15,0.15,0.15,0.15,0.15,0.15,0.15,0.15,0.15,0.15,0.15,0.15,0.15,0.15,0.15,0.15,0.15,0.15,0.15,0.15,0.15,0.15,0.15,0.15,0.15,0.15,0.15,0.15,0.15,0.15,0.15,0.15,0.15,0.15,0.15,0.15,0.15,0.15,0.15,0.15,0.15,0.15,0.15,0.15,0.15,0.15,0.15,0.15,0.15,0.15,0.15,0.15,0.15,0.15,0.15,0.15,0.15,0.15,0.15,0.15,0.15,0.15,0.15,0.15,0.15,0.15,0.15,0.15,0.15,0.15,0.15,0.15,0.15,0.15,0.15,0.15,0.15,0.15,0.15,0.15,0.15,0.15,0.15,0.15,0.15,0.15,0.15,0.15,0.15,0.15,0.15,0.15,0.15,0.15,0.15,0.15,0.15,0.15,0.15,0.15,0.15,0.15,0.15,0.15],"timeConstant":[1,1,1,1,1,1,1,1,1,1,1,1,1,1,1,1,1,1,1,1,1,1,1,1,1,1,1,1,1,1,1,1,1,1,1,1,1,1,1,1,1,1,1,1,1,1,1,1,1,1,1,1,1,1,1,1,1,1,1,1,1,1,1,1,1,1,1,1,1,1,1,1,1,1,1,1,1,1,1,1,1,1,1,1,1,1,1,1,1,1,1,1,1,1,1,1,1,1,1,1,1,1,1,1,1],"timeDelay":[0,0,0,0,0,0,0,0,0,0,0,0,0,0,0,0,0,0,0,0,0,0,0,0,0,0,0,0,0,0,0,0,0,0,0,0,0,0,0,0,0,0,0,0,0,0,0,0,0,0,0,0,0,0,0,0,0,0,0,0,0,0,0,0,0,0,0,0,0,0,0,0,0,0,0,0,0,0,0,0,0,0,0,0,0,0,0,0,0,0,0,0,0,0,0,0,0,0,0,0,0,0,0,0,0],"respShape":[0,0],"actPaddingMode":[3,3]}